"Step","rl.grpo_llama.3b_mmwebpro.synqa.91_math.8k_0411_2017 - val_response_length/test_length_correct/OlympiadBench","rl.grpo_llama.3b_mmwebpro.synqa.91_math.8k_0411_2017 - val_response_length/test_length_correct/OlympiadBench__MIN","rl.grpo_llama.3b_mmwebpro.synqa.91_math.8k_0411_2017 - val_response_length/test_length_correct/OlympiadBench__MAX","rl.grpo_llama.3b_analysis_mmwebpro.openr1.91_math.8k_0411_2030 - val_response_length/test_length_correct/OlympiadBench","rl.grpo_llama.3b_analysis_mmwebpro.openr1.91_math.8k_0411_2030 - val_response_length/test_length_correct/OlympiadBench__MIN","rl.grpo_llama.3b_analysis_mmwebpro.openr1.91_math.8k_0411_2030 - val_response_length/test_length_correct/OlympiadBench__MAX","rl.grpo_llama.3b_analysis_mm.web.pro.20B_math.8k_0411_1333 - val_response_length/test_length_correct/OlympiadBench","rl.grpo_llama.3b_analysis_mm.web.pro.20B_math.8k_0411_1333 - val_response_length/test_length_correct/OlympiadBench__MIN","rl.grpo_llama.3b_analysis_mm.web.pro.20B_math.8k_0411_1333 - val_response_length/test_length_correct/OlympiadBench__MAX"
"0","","","","96.33333333333333","96.33333333333333","96.33333333333333","10","10","10"
"4","","","","197.5","197.5","197.5","194.5","194.5","194.5"
"8","","","","1276.8333333333333","1276.8333333333333","1276.8333333333333","7.5","7.5","7.5"
"12","7","7","7","1501.2","1501.2","1501.2","55","55","55"
"16","8","8","8","1321.0625","1321.0625","1321.0625","86.71428571428571","86.71428571428571","86.71428571428571"
"20","22.142857142857142","22.142857142857142","22.142857142857142","2196.8076923076924","2196.8076923076924","2196.8076923076924","656.0714285714286","656.0714285714286","656.0714285714286"
"24","482.3333333333333","482.3333333333333","482.3333333333333","3819.8260869565215","3819.8260869565215","3819.8260869565215","185.82758620689654","185.82758620689654","185.82758620689654"
"28","746.95","746.95","746.95","3991.283582089552","3991.283582089552","3991.283582089552","200.1627906976744","200.1627906976744","200.1627906976744"
"32","484.22727272727275","484.22727272727275","484.22727272727275","4605.465753424657","4605.465753424657","4605.465753424657","430.1875","430.1875","430.1875"
"36","216.41463414634146","216.41463414634146","216.41463414634146","3848.6555555555556","3848.6555555555556","3848.6555555555556","128.71153846153845","128.71153846153845","128.71153846153845"
"40","103.44680851063829","103.44680851063829","103.44680851063829","4123.2","4123.2","4123.2","49.31372549019608","49.31372549019608","49.31372549019608"
"44","195.13333333333333","195.13333333333333","195.13333333333333","4504.482352941176","4504.482352941176","4504.482352941176","92.32075471698113","92.32075471698113","92.32075471698113"
"48","215.29545454545453","215.29545454545453","215.29545454545453","4338.754901960784","4338.754901960784","4338.754901960784","314.2295081967213","314.2295081967213","314.2295081967213"
"52","36.97560975609756","36.97560975609756","36.97560975609756","3746.5247524752476","3746.5247524752476","3746.5247524752476","413.6190476190476","413.6190476190476","413.6190476190476"
"56","240.76190476190476","240.76190476190476","240.76190476190476","3564.6129032258063","3564.6129032258063","3564.6129032258063","427.5238095238095","427.5238095238095","427.5238095238095"
"60","546.3023255813954","546.3023255813954","546.3023255813954","3665.7672413793102","3665.7672413793102","3665.7672413793102","697.3275862068965","697.3275862068965","697.3275862068965"
"64","565.7021276595744","565.7021276595744","565.7021276595744","3386.9457364341083","3386.9457364341083","3386.9457364341083","743.1060606060606","743.1060606060606","743.1060606060606"
"68","798.7333333333333","798.7333333333333","798.7333333333333","3965.9910714285716","3965.9910714285716","3965.9910714285716","762.3","762.3","762.3"
"72","622.1428571428571","622.1428571428571","622.1428571428571","3614.0446428571427","3614.0446428571427","3614.0446428571427","839.3809523809524","839.3809523809524","839.3809523809524"
"76","528.9183673469388","528.9183673469388","528.9183673469388","4125.457627118644","4125.457627118644","4125.457627118644","762.4920634920635","762.4920634920635","762.4920634920635"
"80","452.8125","452.8125","452.8125","3635.838383838384","3635.838383838384","3635.838383838384","738.4285714285714","738.4285714285714","738.4285714285714"
"84","318.7241379310345","318.7241379310345","318.7241379310345","4880.135135135135","4880.135135135135","4880.135135135135","733.72","733.72","733.72"
"88","283.4925373134328","283.4925373134328","283.4925373134328","5751.976190476191","5751.976190476191","5751.976190476191","784.955223880597","784.955223880597","784.955223880597"
"92","221.41666666666666","221.41666666666666","221.41666666666666","6044.454545454545","6044.454545454545","6044.454545454545","815.7014925373135","815.7014925373135","815.7014925373135"
"96","269.296875","269.296875","269.296875","","","","842.375","842.375","842.375"
"100","272.7142857142857","272.7142857142857","272.7142857142857","","","","676.276923076923","676.276923076923","676.276923076923"
"104","325.55555555555554","325.55555555555554","325.55555555555554","","","","839","839","839"
"108","242.58823529411765","242.58823529411765","242.58823529411765","","","","835.0147058823529","835.0147058823529","835.0147058823529"
"112","420.9344262295082","420.9344262295082","420.9344262295082","","","","963.1038961038961","963.1038961038961","963.1038961038961"
"116","381.8787878787879","381.8787878787879","381.8787878787879","","","","869.0133333333333","869.0133333333333","869.0133333333333"
"120","420.3392857142857","420.3392857142857","420.3392857142857","","","","730.6052631578947","730.6052631578947","730.6052631578947"
"124","332.7704918032787","332.7704918032787","332.7704918032787","","","","731.8205128205128","731.8205128205128","731.8205128205128"
"128","381.7358490566038","381.7358490566038","381.7358490566038","","","","911.931506849315","911.931506849315","911.931506849315"
"132","260.921568627451","260.921568627451","260.921568627451","","","","743","743","743"
"136","382.93220338983053","382.93220338983053","382.93220338983053","","","","982.5714285714286","982.5714285714286","982.5714285714286"
"140","299.5964912280702","299.5964912280702","299.5964912280702","","","","933.1857142857143","933.1857142857143","933.1857142857143"
"144","398.2307692307692","398.2307692307692","398.2307692307692","","","","926.9516129032259","926.9516129032259","926.9516129032259"
"148","322.578125","322.578125","322.578125","","","","950.7027027027027","950.7027027027027","950.7027027027027"
"152","418.04761904761904","418.04761904761904","418.04761904761904","","","","929.2903225806451","929.2903225806451","929.2903225806451"
"156","378.6923076923077","378.6923076923077","378.6923076923077","","","","1140.4027777777778","1140.4027777777778","1140.4027777777778"
"160","315","315","315","","","","1304.7076923076922","1304.7076923076922","1304.7076923076922"
"164","265.05797101449275","265.05797101449275","265.05797101449275","","","","1001.2205882352941","1001.2205882352941","1001.2205882352941"
"168","287.3285714285714","287.3285714285714","287.3285714285714","","","","939.3456790123457","939.3456790123457","939.3456790123457"
"172","304.87142857142857","304.87142857142857","304.87142857142857","","","","1011.9054054054054","1011.9054054054054","1011.9054054054054"
"176","321.61971830985914","321.61971830985914","321.61971830985914","","","","967","967","967"
"180","255.8695652173913","255.8695652173913","255.8695652173913","","","","1084.3815789473683","1084.3815789473683","1084.3815789473683"
"184","384.53521126760563","384.53521126760563","384.53521126760563","","","","912.3734939759037","912.3734939759037","912.3734939759037"
"188","528.25","528.25","528.25","","","","924.0571428571428","924.0571428571428","924.0571428571428"
"192","448.1267605633803","448.1267605633803","448.1267605633803","","","","1036.8481012658228","1036.8481012658228","1036.8481012658228"
"196","377.4923076923077","377.4923076923077","377.4923076923077","","","","1000.5116279069767","1000.5116279069767","1000.5116279069767"
"200","374.94594594594594","374.94594594594594","374.94594594594594","","","","1075.6951219512196","1075.6951219512196","1075.6951219512196"
"204","445.7307692307692","445.7307692307692","445.7307692307692","","","","1024.1927710843374","1024.1927710843374","1024.1927710843374"
"208","319.88732394366195","319.88732394366195","319.88732394366195","","","","974.2337662337662","974.2337662337662","974.2337662337662"
"212","313.07936507936506","313.07936507936506","313.07936507936506","","","","1071.945945945946","1071.945945945946","1071.945945945946"
"216","324.75384615384615","324.75384615384615","324.75384615384615","","","","995.0125","995.0125","995.0125"
"220","404.32758620689657","404.32758620689657","404.32758620689657","","","","977.0759493670886","977.0759493670886","977.0759493670886"
"224","415.1212121212121","415.1212121212121","415.1212121212121","","","","1194.3026315789473","1194.3026315789473","1194.3026315789473"
"228","313","313","313","","","","1138.5","1138.5","1138.5"
"232","304.71232876712327","304.71232876712327","304.71232876712327","","","","1078.7631578947369","1078.7631578947369","1078.7631578947369"
"236","422.64102564102564","422.64102564102564","422.64102564102564","","","","","",""
"240","387.0921052631579","387.0921052631579","387.0921052631579","","","","","",""
"244","361.125","361.125","361.125","","","","","",""
"248","405.4594594594595","405.4594594594595","405.4594594594595","","","","","",""
"252","357.97222222222223","357.97222222222223","357.97222222222223","","","","","",""
"256","429.9166666666667","429.9166666666667","429.9166666666667","","","","","",""